i002_start,i003_deviceid,i004_end,i005_today,i006_surveyor_name,i007_surveyor_id,i009_country,i011_prgrm,i016_subloc,i016a_subloc_other,i017_vil,i017a_vil_other,i101_wpt_name,i102_wpt_id,i102a_wpt_id_other,i105_disp_serial_number,i106_disp_barcode,i108_date_instaln,i109_disp_photo,i110_disp_passed_qlty_check,i107_accuracy,i107_altitude,i107_latitude,i107_longitude
"2014-02-20 12:59:53.5",355545053525247,"2014-02-21 03:24:10.948","2014-02-20 00:00:00","Moses kadenge",4333,1,LGR,Kulumbeni,,Changamwe,,"Julius baraza well",-999,,1010392,1010392,"2014-02-11 00:00:00",,-999,-999,-999,-999,-999
"2014-02-20 14:03:40.7",355545053525247,"2014-02-21 03:26:42.304","2014-02-20 00:00:00","Festus akalongo",4742,1,LGR,Kulumbeni,,Changamwe,,"Keresent wanjala spring",10260125,,1010736,1010736,"2014-02-20 00:00:00",,-999,0.0000000000,16.0000000000,0.4818410047,34.6980701183
"2014-02-20 15:08:25.693",355545053525247,"2014-02-21 03:29:25.268","2014-02-20 00:00:00","Festus akalongo",4742,1,LGR,Kulumbeni,,Changamwe,,"Abdu ekesamuye well",10260122,,1009263,1009263,"2014-02-20 00:00:00",,-999,4.0000000000,1438.0000000000,0.4883674824,34.7034137822
"2014-02-20 16:40:01.32",355545053525247,"2014-02-21 03:30:59.756","2014-02-20 00:00:00","Festus Akalongo",4742,1,LGR,Kulumbeni,,Lumani,,"Ndombi spring",10260113,,1010652,1010652,"2014-02-20 00:00:00",,-999,4.0000000000,1453.0000000000,0.4849875436,34.7112757273
"2014-02-20 17:16:54.396",355545053525247,"2014-02-21 03:32:23.873","2014-02-20 00:00:00","Festus Akalongo",4742,1,LGR,Kulumbeni,,Lumani,,"Wafukho spring",10260114,,1009229,1009229,"2014-02-20 00:00:00",,-999,4.0000000000,1425.0000000000,0.4871627852,34.7100021230
"2014-02-20 13:43:36.128",355545053525080,"2014-02-20 17:56:14.771","2014-02-20 00:00:00","Moses  kadenge",4333,1,LGR,Kulumbeni,,Makhwabuye,,"Munyasi protected spring",10260100,,1009250,1009250,"2014-02-20 00:00:00",,-999,0.0000000000,10.0000000000,0.4922698411,34.6934690376
"2014-02-20 16:47:18.67",353768053679317,"2014-02-21 06:08:52.878","2014-02-20 00:00:00","Moses  kadenge",4333,1,LGR,Kulumbeni,,Changamwe,,"Chetambe protected  spring",10260121,,1011016,1011016,"2014-02-20 00:00:00",,-999,6.0000000000,1405.0000000000,0.4827591893,34.7065830117
"2014-02-20 16:03:31.015",355545053525080,"2014-02-21 06:30:37.993","2014-02-20 00:00:00","Moses kadenge",4333,1,LGR,Kulumbeni,,Makhukhuni,,"Sikanga protected spring",10260106,,1009294,1009294,"2014-02-20 00:00:00",,-999,1.0000000000,16.0000000000,0.4983988618,34.7100132499
"2014-02-20 12:47:41.868",355545053525114,"2014-02-20 17:03:12.074","2014-02-20 00:00:00","Moses kadenge",4333,1,LGR,Kulumbeni,,Makhwabuye,,"Nyamasike spring",10260325,,1010606,1010606,"2014-02-20 00:00:00",,-999,4.0000000000,1380.0000000000,0.4840719055,34.6900734553
"2014-02-20 15:36:20.51",355545053525114,"2014-02-20 16:13:30.26","2014-02-20 00:00:00","Moses kadege",4333,1,LGR,Kulumbeni,,Makhukhuni,,"Mutoka spring",10260103,,1009239,1009239,"2014-02-20 00:00:00",,-999,4.0000000000,1414.0000000000,0.4961178932,34.7090691278
"2014-02-20 14:30:17.024",355545053524901,"2014-02-20 14:40:18.824","2014-02-20 00:00:00","Moses kadenge",4333,1,LGR,Kulumbeni,,Changamwe,,"Newton simiyu spring",10260124,,1010708,1010708,"2014-02-20 00:00:00",,-999,4.0000000000,1395.0000000000,0.4805266721,34.6945457999
"2014-02-20 16:40:13.355",355545053524901,"2014-02-21 08:10:53.164","2014-02-20 00:00:00","Miriam Amaswache",4333,1,LGR,Kulumbeni,,Lumani,,"Lumani protected spring",-999,,1010648,1010648,"2014-02-20 00:00:00",,-999,4.0000000000,1434.0000000000,0.4855158823,34.7164652499
"2014-02-21 12:09:55.305",355545053525114,"2014-02-21 12:49:58.779","2014-02-21 00:00:00","Irene musavi",5835,1,LGR,Mahanga,,Mahanga_B,,"Benson wanyonyi tap",10260370,,1011055,1011055,"2014-02-21 00:00:00",,-999,4.0000000000,1586.0000000000,0.6403843037,34.8464721499
"2014-02-21 13:33:54.591",355545053525114,"2014-02-21 14:00:39.551","2014-02-21 00:00:00","Irene musavi",5835,1,LGR,Mahanga,,Mahanga_A,,"Omwami well",10260373,,1011089,1011089,"2014-02-21 00:00:00",,-999,4.0000000000,1573.0000000000,0.6420600894,34.8439895985
"2014-02-21 13:50:57.978",355545053524901,"2014-02-22 08:48:58.518","2014-02-21 00:00:00","Miriam Amaswache",5837,1,LGR,Mahanga,,Lunywenywe_A,,"Wangusi well",10260380,,1010304,1010304,"2014-02-21 00:00:00",,-999,4.0000000000,1559.0000000000,0.6168584477,34.8369966787
"2014-02-22 12:16:08.906",353768053679317,"2014-02-22 12:29:19.166","2014-02-22 00:00:00","Moses  kadenge",4333,1,LGR,Lwandeti,,Chamavele,,Joseph,10260420,,1009295,1009295,"2014-02-22 00:00:00",,-999,8.0000000000,1492.0000000000,0.5919170342,34.8139496273
"2014-02-22 13:01:03.69",355545051758212,"2014-02-22 14:45:00.293","2014-02-22 00:00:00","Naomi Okato",3242,1,LGR,Lwandeti,,Maliki,,"Jacob Munialo borehole",10260412,,1010656,-999,"2014-02-22 00:00:00",,-999,4.0000000000,1541.0000000000,0.6049563781,34.8224178187
"2014-02-20 12:31:01.686",355545051758212,"2014-02-20 17:54:35.834","2014-02-20 00:00:00","Naomi Okato",3242,1,LGR,Kulumbeni,,Makhwabuye,,"Lumbasi spring",10260101,,1011043,1011043,"2014-02-20 00:00:00",,-999,4.0000000000,1389.0000000000,0.4866350091,34.6906263015
"2014-02-21 11:30:44.905",355545051758212,"2014-02-21 16:33:13.827","2014-02-21 00:00:00","Naomi Okato",3242,1,LGR,Mahanga,,Mahanga_B,,"Sisungo Natembea well",10260369,,1010643,1010643,"2014-02-21 00:00:00",,-999,4.0000000000,1602.0000000000,0.6388272734,34.8483868052
"2014-02-21 14:05:53.25",355545051758212,"2014-02-21 16:34:16.844","2014-02-21 00:00:00","Naomi Okato",3242,1,LGR,Mahanga,,Mahanga_A,,"Kanyanya spring",10260372,,1011012,1011012,"2014-02-21 00:00:00",,-999,4.0000000000,1547.0000000000,0.6440874345,34.8394273581
"2014-02-21 13:46:19.355",355545053525247,"2014-02-21 17:58:09.913","2014-02-21 00:00:00","Festus akalongo",4742,1,LGR,Mahanga,,Malakha,,"Wafula kiosk",10260368,,1009268,1009268,"2014-02-21 00:00:00",,-999,4.0000000000,1581.0000000000,0.6356112164,34.8476093586
"2014-02-21 15:52:46.154",355545053525247,"2014-02-21 16:16:10.753","2014-02-21 00:00:00","Festus Akalongo",4742,1,LGR,Mahanga,,Sango,,"Simanya protected spring",10260361,,1010829,1010829,"2014-02-21 00:00:00",,-999,12.0000000000,1646.0000000000,0.6386904365,34.8365067501
"2014-02-21 13:57:02.496",355545053525080,"2014-02-21 18:37:56.292","2014-02-21 00:00:00","Sakina  Evelyne",5838,1,LGR,Mahanga,,Lunywenywe_A,,"Rasoah mafunga well",10260381,,1010742,1010742,"2014-02-21 00:00:00",,-999,4.0000000000,1577.0000000000,0.6191931743,34.8388066954
"2014-02-21 15:13:33.347",355545053525080,"2014-02-21 18:45:45.408","2014-02-21 00:00:00","Sakina  Evelyne",5838,1,LGR,Mahanga,,Lunywenywe_A,,"Majengo well",10260382,,1011056,1011056,"2014-02-21 00:00:00",,-999,4.0000000000,1566.0000000000,0.6208547277,34.8384085648
"2014-02-21 11:51:07.431",353768053679317,"2014-02-21 12:07:57.1","2014-02-21 00:00:00","Moses kadenge",4333,1,LGR,Mahanga,,Chetambe,,"Chetambe water kiosk",10260388,,1011008,1011008,"2014-02-21 00:00:00",,-999,4.0000000000,1614.0000000000,0.6375670904,34.8520128738
"2014-02-21 12:56:52.646",353768053679317,"2014-02-21 13:00:45.92","2014-02-21 00:00:00","Moses  kadenge",4333,1,LGR,Mahanga,,Chetambe,,Mayoyo,10260392,,1010635,1010635,"2014-02-21 00:00:00",,-999,6.0000000000,1565.0000000000,0.6281777485,34.8564214986
"2014-02-21 13:15:36.936",353768053679317,"2014-02-21 13:20:04.588","2014-02-21 00:00:00","Moses  kadenge",4333,1,LGR,Mahanga,,Chetambe,,"Milimani  water kiosk",10260390,,1009246,1009246,"2014-02-21 00:00:00",,-999,4.0000000000,1614.0000000000,0.6333461404,34.8601197802
"2014-02-21 13:20:28.431",353768053679317,"2014-02-21 13:26:15.41","2014-02-21 00:00:00","Moses  kadenge",4333,1,LGR,Mahanga,,Chetambe,,Samuel,10260389,,1010760,1010760,"2014-02-21 00:00:00",,-999,4.0000000000,1610.0000000000,0.6372055284,34.8552547591
"2014-02-21 13:38:20.574",353768053679317,"2014-02-21 13:42:53.329","2014-02-21 00:00:00","Moses  kadenge",4333,1,LGR,Mahanga,,Khanyiririsi,,Mahanga,10260387,,1009285,1009285,"2014-02-21 00:00:00",,-999,4.0000000000,1577.0000000000,0.6340022165,34.8520952803
"2014-02-21 13:45:25.612",353768053679317,"2014-02-21 13:52:54.597","2014-02-21 00:00:00","Moses  kadenge",4333,1,LGR,Mahanga,,Khanyiririsi,,"Patrick wangusi",10260385,,1010787,1010787,"2014-02-21 00:00:00",,-999,8.0000000000,1556.0000000000,0.6317422493,34.8551006838
"2014-02-21 13:54:14.884",353768053679317,"2014-02-21 14:02:28.362","2014-02-21 00:00:00","Moses  kadenge",4333,1,LGR,Mahanga,,Khanyiririsi,,Joseph,10260386,,1010315,1010315,"2014-02-21 00:00:00",,-999,4.0000000000,1543.0000000000,0.6296598204,34.8507308665
"2014-02-21 15:21:40.273",353768053679317,"2014-02-21 15:51:12.653","2014-02-21 00:00:00","Moses kadenge",4333,1,LGR,Mahanga,,Maramu_B,,"Maramu unp",10260364,,1010368,1010368,"2014-02-21 00:00:00",,-999,1.0000000000,25.0000000000,0.6273751271,34.8539064963
"2014-02-21 16:00:07.509",353768053679317,"2014-02-21 16:36:07.96","2014-02-21 00:00:00","Moses kadenge",4333,1,LGR,Mahanga,,Maramu_B,,"Isaac  Dug well",10260365,,1010326,1010326,"2014-02-21 00:00:00",,-999,4.0000000000,1574.0000000000,0.6254006810,34.8518150863
"2014-02-21 15:06:15.891",355545053525114,"2014-02-21 16:31:08.577","2014-02-21 00:00:00","Irene musavi",5835,1,LGR,Mahanga,,Mahanga_A,,"Mahanga spring",10260371,,1009209,1009209,"2014-02-21 00:00:00",,-999,4.0000000000,1561.0000000000,0.6436394551,34.8422028650
"2014-02-21 14:54:27.356",355545053524901,"2014-02-22 08:47:51.469","2014-02-21 00:00:00","Miriam Amaswache",5837,1,LGR,Mahanga,,Lunywenywe_A,,"Kilo zakayo well",10260379,,1010640,1010640,"2014-02-21 00:00:00",,-999,4.0000000000,1542.0000000000,0.6194135978,34.8325997479
"2014-02-22 10:24:41.216",353768053679317,"2014-02-22 11:09:28.611","2014-02-22 00:00:00","Moses  kadenge",4333,1,LGR,Lwandeti,,Chamavele,,"Munialo  Wasike",10260421,,1010378,1010378,"2014-02-22 00:00:00",,-999,4.0000000000,1472.0000000000,0.5870599336,34.8127660634
"2014-02-22 13:25:05.277",353768053679317,"2014-02-22 13:44:06.706","2014-02-22 00:00:00","Moses  kadenge",4333,1,LGR,Lwandeti,,Chamavele,,"Wabomba Mikisi",10260419,,1010359,1010359,"2014-02-22 00:00:00",,-999,3.0000000000,441.0000000000,0.5895479215,34.8205179658
"2014-02-22 14:46:46.692",353768053679317,"2014-02-22 14:56:04.434","2014-02-22 00:00:00","Moses  kadenge",4333,1,LGR,Lwandeti,,Chamavele,,"Wachifusi chindia",10260422,,1011091,1011091,"2014-02-22 00:00:00",,-999,4.0000000000,1524.0000000000,0.5854419288,34.8182335377
"2014-02-22 10:35:38.625",355545051758212,"2014-02-22 11:52:48.887","2014-02-22 00:00:00","Naomi Okato",3242,1,LGR,Lwandeti,,Mutenyo_B,,"Everline Chemuyi well",10260403,,1009282,1009282,"2014-02-22 00:00:00",,-999,3.0000000000,98.0000000000,0.6033005689,34.8346449440
"2014-02-22 12:51:32.051",355545051758212,"2014-02-22 13:21:54.179","2014-02-22 00:00:00","Naomi Okato",3242,1,LGR,Lwandeti,,Maliki,,"Victor Lubwa spring",10260410,,1010692,1010692,"2014-02-22 00:00:00",,-999,4.0000000000,1522.0000000000,0.6018029295,34.8219594815
"2014-02-22 10:31:48.811",355545053525247,"2014-02-22 16:56:33.673","2014-02-22 00:00:00","Festus akalongo",4742,1,LGR,Lwandeti,,Nabalayo,,"Jotham well",10260134,,1010750,1010750,"2014-02-22 00:00:00",,-999,4.0000000000,1505.0000000000,0.5961724910,34.8196808552
"2014-02-22 12:57:06.455",355545053525247,"2014-02-22 16:57:21.812","2014-02-22 00:00:00","Festus akalongo",4742,1,LGR,Lwandeti,,Nabalayo,,"Joseph munialo well",10260401,,1010619,1010619,"2014-02-22 00:00:00",,-999,4.0000000000,1509.0000000000,0.5929893132,34.8231745460
"2014-02-22 13:00:01.447",355545053525247,"2014-02-22 16:57:55.399","2014-02-22 00:00:00","Festus Akalongo",4742,1,LGR,Lwandeti,,Nabalayo,,"Juma recha well",10260402,,1011088,1011088,"2014-02-22 00:00:00",,-999,-999,-999,-999,-999
"2014-02-22 13:50:05.338",355545053525247,"2014-02-22 16:58:57.368","2014-02-22 00:00:00","Festus akalongo",4742,1,LGR,Lwandeti,,Nabalayo,,"Musa makhakha spring",10260400,,1011051,1011051,"2014-02-22 00:00:00",,-999,4.0000000000,1537.0000000000,0.5988772568,34.8250540109
"2014-02-22 15:50:00.852",355545053525247,"2014-02-22 16:59:46.396","2014-02-22 00:00:00","Festus Akalongo",4742,1,LGR,Lwandeti,,Mutenyo_A,,"Phemina nyongesa spring",10260407,,1011007,1011007,"2014-02-22 00:00:00",,-999,4.0000000000,1516.0000000000,0.5977283454,34.8379574643
"2014-02-22 16:17:35.621",353768053679317,"2014-02-22 16:34:57.279","2014-02-22 00:00:00","Moses  kadenge",4333,1,LGR,Lwandeti,,Chamavele,,Chamavere,10260418,,1010365,1010365,"2014-02-22 00:00:00",,-999,4.0000000000,1523.0000000000,0.5864628353,34.8221535404
"2014-02-22 17:08:14.057",353768053679317,"2014-02-22 17:36:52.679","2014-02-22 00:00:00","Moses  kadenge",4333,1,LGR,Lwandeti,,Chamavele,,"Nangabo jackton",10260417,,1011054,1011054,"2014-02-22 00:00:00",,-999,4.0000000000,1530.0000000000,0.5820652818,34.8227211476
"2014-02-22 11:56:11.647",355545053525080,"2014-02-22 17:17:17.31","2014-02-22 00:00:00","Sakina Evelyne",5838,1,LGR,Lwandeti,,Kwambu_A,,"Joseph  Biketi shallow well",10260150,,1009283,1009283,"2014-02-22 00:00:00",,-999,4.0000000000,1540.0000000000,0.5871409296,34.8341933439
"2014-02-22 13:43:52.981",355545053525080,"2014-02-22 17:15:40.649","2014-02-22 00:00:00","Sakina Evelyne",5838,1,LGR,Lwandeti,,Kwambu_A,,"Khisa spring",10260154,,1011058,1011058,"2014-02-22 00:00:00",,-999,4.0000000000,1572.0000000000,0.5825213651,34.8313584132
"2014-02-22 14:54:57.536",355545053525080,"2014-02-22 17:16:21.733","2014-02-22 00:00:00","Sakina Evelyne",5838,1,LGR,Lwandeti,,Kwambu_B,,"Joseph spring",10260146,,1010660,1010660,"2014-02-22 00:00:00",,-999,4.0000000000,1566.0000000000,0.5798729215,34.8293505887
"2014-02-22 10:46:13.25",355545053525080,"2014-02-22 19:14:38.134","2014-02-22 00:00:00","Sakina Evelyne",5838,1,LGR,Lwandeti,,Kwambu_A,,"Moses shallow well",10260149,,1011042,1011042,"2014-02-22 00:00:00",,-999,1.0000000000,17.0000000000,0.5853365092,34.8336929364
"2014-02-22 12:48:24.295",355545053525080,"2014-02-22 19:15:27.817","2014-02-22 00:00:00","Sakina Evelyne",5838,1,LGR,Lwandeti,,Kwambu_A,,"Wanyonyi shallow well",10260151,,1010843,1010843,"2014-02-22 00:00:00",,-999,4.0000000000,1554.0000000000,0.5836696317,34.8321069508
"2014-02-22 12:23:09.33",355545053525114,"2014-02-22 12:53:02.597","2014-02-22 00:00:00","Musavi irene",5835,1,LGR,Lwandeti,,Kwambu_A,,"Kisembe spring",10260153,,1009228,1009228,"2014-02-22 00:00:00",,-999,4.0000000000,1515.0000000000,0.5887093240,34.8362449153
"2014-02-22 13:32:32.408",355545053525114,"2014-02-22 13:56:38.497","2014-02-22 00:00:00","Irene musavi",5835,1,LGR,Lwandeti,,Kwambu_A,,"Barasa karandini spring",10260152,,1011030,1011030,"2014-02-22 00:00:00",,-999,4.0000000000,1512.0000000000,0.5873035297,34.8380366955
"2014-02-22 15:38:02.237",355545053525114,"2014-02-22 15:54:11.028","2014-02-22 00:00:00","Irene musavi",5835,1,LGR,Lwandeti,,Kwambu_B,,"Jairus spring",10260147,,1010626,1010626,"2014-02-22 00:00:00",,-999,4.0000000000,1574.0000000000,0.5765360181,34.8339718432
"2014-02-22 10:46:27.667",355545053524901,"2014-02-22 11:22:25.039","2014-02-22 00:00:00","Miriam Amaswache",5837,1,LGR,Lwandeti,,Mutenyo_B,,"Wycliff wambia well",10260404,,1010771,1010771,"2014-02-22 00:00:00",,-999,4.0000000000,1547.0000000000,0.5963518659,34.8343010362
"2014-02-22 11:26:03.58",355545053524901,"2014-02-22 11:59:06.395","2014-02-22 00:00:00","Miriam Amaswache",5837,1,LGR,Lwandeti,,Mutenyo_B,,"Solomon muganda well",10260405,,1011001,1011001,"2014-02-22 00:00:00",,-999,4.0000000000,1537.0000000000,0.5946640926,34.8320837719
"2014-02-22 14:26:52.057",355545053524901,"2014-02-22 16:44:39.881","2014-02-22 00:00:00","Miriam Amaswache",5837,1,LGR,Lwandeti,,Maliki,,"Wepukhulu pepela protected spring",10260411,,1010348,1010348,"2014-02-22 00:00:00",,-999,4.0000000000,1553.0000000000,0.6001815863,34.8285763913
"2014-02-24 16:25:21.666",353768053679317,"2014-02-24 16:29:36.531","2014-02-24 00:00:00","Moses  kadenge",4333,1,LGR,Kulumbeni,,Sitabita_A,,"Lumbasi well",10260069,,1009270,1009270,"2014-02-24 00:00:00",,-999,4.0000000000,1479.0000000000,0.5027007001,34.7536524749
"2014-02-24 16:09:51.823",353768053679317,"2014-02-24 16:23:13.746","2014-02-24 00:00:00","Moses  kadenge",4333,1,LGR,Kulumbeni,,Mtonyi,,"Caleb Daraja well",10260099,,1011050,1011050,"2014-02-24 00:00:00",,-999,4.0000000000,1475.0000000000,0.5023303887,34.7501804600
"2014-02-24 15:27:25.827",353768053679317,"2014-02-24 15:36:23.236","2014-02-24 00:00:00","Moses  kadenge",4333,1,LGR,Kulumbeni,,Sitabita_B,,"Yohana  protected spring",-999,,1010307,1010307,"2014-02-24 00:00:00",,-999,4.0000000000,1453.0000000000,0.4991975873,34.7491093718
"2014-02-24 10:49:27.065",353768053678723,"2014-02-24 11:26:17.181","2014-02-24 00:00:00","Oliver cheloti",4335,1,LGR,Lwandeti,,Milimani_Lwandeti,,"Beka well",10260408,,1011039,1011039,"2014-02-24 00:00:00",,-999,3.0000000000,133.0000000000,0.5784086911,34.8221817488
"2014-02-24 11:44:39.039",353768053678723,"2014-02-24 11:50:35.951","2014-02-24 00:00:00","Oliver cheloti",4335,1,LGR,Lwandeti,,Milimani_Lwandeti,,"St mukasa",10260135,,1011009,-999,"2014-02-24 00:00:00",,-999,8.0000000000,1572.0000000000,0.5777520253,34.8208970424
"2014-02-24 11:58:55.99",353768053678723,"2014-02-24 12:31:13.942","2014-02-24 00:00:00","Oliver cheloti",4335,1,LGR,Lwandeti,,Milimani_Lwandeti,,Wakhonya,10260136,,1009227,1009227,"2014-02-24 00:00:00",,1,8.0000000000,1581.0000000000,0.5759351774,34.8241876071
"2014-02-24 12:53:28.39",353768053678723,"2014-02-24 14:16:29.175","2014-02-24 00:00:00","Oliver cheloti",4335,1,LGR,Lwandeti,,Kaburerei,,"Kaburerei spring",10260416,,1010795,1010795,"2014-02-24 00:00:00",,-999,6.0000000000,1505.0000000000,0.5903646761,34.8267274365
"2014-02-24 14:26:37.893",353768053678723,"2014-02-24 14:32:51.003","2014-02-24 00:00:00","Oliver cheloti",4335,1,LGR,Lwandeti,,Kaburerei,,"Chamavele spring",10260415,,1010662,-999,"2014-02-24 00:00:00",,-999,9.0000000000,1510.0000000000,0.5892156692,34.8251647820
"2014-02-24 14:36:45.627",353768053678723,"2014-02-24 15:11:27.538","2014-02-24 00:00:00","Oliver cheloti",4335,1,LGR,Lwandeti,,Kaburerei,,"Kaburerei stream",10260413,,1010317,1010317,"2014-02-24 00:00:00",,-999,4.0000000000,1502.0000000000,0.5898447973,34.8230396195
"2014-02-24 16:11:54.703",353768053678723,"2014-02-24 16:51:09.829","2014-02-24 00:00:00","Oliver cheloti",4335,1,LGR,Lwandeti,,Nzoia_Lwandeti,,"Festo spring",10260395,,1010700,1010700,"2014-02-24 00:00:00",,-999,8.0000000000,1583.0000000000,0.6099717217,34.8146481045
"2014-02-24 10:28:28.917",353768053613399,"2014-02-24 20:53:59.911","2014-02-24 00:00:00",Haggai,1337,1,LGR,Mabuye,,Mawa_Mabuye,,"Mawa protected spring",10260032,,1010746,1010746,"2014-02-24 00:00:00",,-999,-999,-999,-999,-999
"2014-02-24 17:05:28.513",353768053678723,"2014-02-24 17:10:39.563","2014-02-24 00:00:00","Oliver cheloti",4335,1,LGR,Lwandeti,,Nzoia_Lwandeti,,"Saisi spring",10260394,,1011023,-999,"2014-02-24 00:00:00",,-999,8.0000000000,1517.0000000000,0.6119793720,34.8188368318
"2014-02-24 17:32:00.991",353768053678723,"2014-02-24 18:00:45.871","2014-02-24 00:00:00","Oliver cheloti",4335,1,LGR,Lwandeti,,Nzoia_Lwandeti,,"Makhino spring",10260393,,1010709,1010709,"2014-02-24 00:00:00",,-999,4.0000000000,1547.0000000000,0.6071125333,34.8276328135
"2014-02-24 11:22:04.059",353768053613399,"2014-02-24 20:58:11.33","2014-02-24 00:00:00",Haggai,1337,1,LGR,Mabuye,,Mawa_Mabuye,,"Selina Khwatenge kiosk",10260035,,1010770,1010770,"2014-02-24 00:00:00",,-999,-999,-999,-999,-999
"2014-02-24 11:51:18.111",353768053613399,"2014-02-24 21:06:32.981","2014-02-24 00:00:00",Haggai,1337,1,LGR,Mabuye,,Mawa_Mabuye,,"Maikuma protected stream",10260033,,1010830,1010830,"2014-02-24 00:00:00",,-999,-999,-999,-999,-999
"2014-02-24 12:39:13.301",353768053613399,"2014-02-24 21:08:16.12","2014-02-24 00:00:00",Haggai,1337,1,LGR,Mabuye,,Mawa_Mabuye,,"Wambulwa Namunyu well",10260034,,1010616,1010616,"2014-02-24 00:00:00",,-999,-999,-999,-999,-999
"2014-02-24 13:06:25.495",353768053613399,"2014-02-24 21:10:13.336","2014-02-24 00:00:00",Haggai,1337,1,LGR,Mabuye,,Mabuye_Mabuye,,"Netty Wakamu well",-999,,1010314,1010314,"2014-02-24 00:00:00",,-999,-999,-999,-999,-999
"2014-02-24 13:52:47.661",353768053613399,"2014-02-24 21:11:14.715","2014-02-24 00:00:00",Haggai,1337,1,LGR,Mabuye,,Mabuye_Mabuye,,"Samson Kapchonge well",-999,,1011020,1011020,"2014-02-24 00:00:00",,-999,-999,-999,-999,-999
"2014-02-24 15:42:42.286",353768053613399,"2014-02-24 21:17:13.428","2014-02-24 00:00:00",Haggai,1337,1,LGR,Mabuye,,Lwandeti_C,,"Chivila protected spring",10260036,,1011006,1011006,"2014-02-24 00:00:00",,-999,-999,-999,-999,-999
"2014-02-24 16:28:28.713",353768053613399,"2014-02-24 21:14:18.155","2014-02-24 00:00:00",Haggai,1337,1,LGR,Mabuye,,Lwandeti_C,,"Karanga Unprotected spring",10260037,,1010874,1010874,"2014-02-24 00:00:00",,-999,-999,-999,-999,-999
"2014-02-24 16:42:16.564",353768053613399,"2014-02-24 21:16:44.975","2014-02-24 00:00:00",Haggai,1337,1,LGR,Mabuye,,Lwandeti_C,,"Nakhanyami unoprotected spring",10260038,,1010784,1010784,"2014-02-24 00:00:00",,-999,-999,-999,-999,-999
"2014-03-03 13:39:03.248",359078052021329,"2014-03-03 13:47:09.894","2014-03-03 00:00:00","peter wafula",4334,1,LGR,Kiliboti,,Sango_Kiliboti,,"lyambila. wambulwa",10260274,,1009299,-999,"2014-03-03 00:00:00",,-999,-999,-999,-999,-999
"2014-03-03 13:54:22.884",359078052021329,"2014-03-03 13:56:12.717","2014-03-03 00:00:00","peter wafula",4334,1,LGR,Kiliboti,,Sango_Kiliboti,,"khalakai spring",10260276,,1009249,-999,"2014-03-03 00:00:00",,-999,-999,-999,-999,-999
"2014-03-03 14:59:42.728",359078052021329,"2014-03-03 15:02:27.902","2014-03-03 00:00:00","peter wafula",4334,1,LGR,Kiliboti,,Sango_Kiliboti,,Munyepe,10260275,,1010372,-999,"2014-03-03 00:00:00",,1,-999,-999,-999,-999
"2014-03-03 15:19:59.481",359078052021329,"2014-03-03 15:21:28.147","2014-03-03 00:00:00","peter wafula",4334,1,LGR,Kiliboti,,Sango_Kiliboti,,"wanyama spring",10260277,,1010390,-999,"2014-03-03 00:00:00",,-999,-999,-999,-999,-999
"2014-03-03 16:21:22.801",359078052021329,"2014-03-03 16:39:15.683","2014-03-03 00:00:00","peter wafula",4334,1,LGR,Kiliboti,,Sambaka,,"john major spring",10260278,,1010790,-999,"2014-03-03 00:00:00",,-999,-999,-999,-999,-999
"2014-03-04 12:26:06.807",359078052021329,"2014-03-04 12:46:46.121","2014-03-04 00:00:00","peter wafula",4334,1,LGR,Kiliboti,,Sihilila,,"khwatenge spring",10260270,,1009277,-999,"2014-03-04 00:00:00",,-999,-999,-999,-999,-999
"2014-03-04 12:56:03.955",359078052021329,"2014-03-04 12:57:49.789","2014-03-04 00:00:00","peter wafula",4334,1,LGR,Kiliboti,,Sihilila,,"wanyonyi spring",10260269,,1009417,-999,"2014-03-04 00:00:00",,-999,-999,-999,-999,-999
"2014-03-04 13:38:48.609",359078052021329,"2014-03-04 14:12:45.576","2014-03-04 00:00:00","Peter wafula",4334,1,LGR,Kiliboti,,Sikulu_Kiliboti,,"Wamchwa mukhiti",10260268,,1010629,-999,"2014-03-04 00:00:00",,-999,-999,-999,-999,-999
"2014-03-04 14:41:29.861",359078052021329,"2014-03-04 14:43:29.557","2014-03-04 00:00:00","Peter wafula",4334,1,LGR,Kiliboti,,Sihilila,,"Makatini spring",10260271,,1010350,-999,"2014-03-04 00:00:00",,-999,-999,-999,-999,-999
"2014-03-04 15:23:28.641",359078052021329,"2014-03-04 15:25:49.296","2014-03-04 00:00:00","Peter wafula",4334,1,LGR,Kiliboti,,Sikulu_Kiliboti,,Wangusi,10260267,,1010528,-999,"2014-03-04 00:00:00",,-999,-999,-999,-999,-999
"2014-02-26 04:17:15.359",353768053679317,"2014-02-26 04:19:25.501","2014-02-26 00:00:00","Moses  kadenge",4333,1,LGR,Kulumbeni,,Sitabita_A,,"Boaz Agnes Protected borehole",10260070,,1010664,-999,"2014-02-24 00:00:00",,-999,-999,-999,-999,-999
"2014-02-26 04:20:02.115",353768053679317,"2014-02-26 04:21:55.923","2014-02-26 00:00:00","Moses  kadenge",4333,1,LGR,Kulumbeni,,Sitabita_A,,"Yohana protected spring",10260071,,1010307,-999,"2014-02-24 00:00:00",,-999,-999,-999,-999,-999
"2014-02-26 04:22:56.813",353768053679317,"2014-02-26 04:25:57.304","2014-02-26 00:00:00","Moses  kadenge",4333,1,LGR,Kulumbeni,,Sitabita_B,,"Bunale protected spring",10260067,,1010752,-999,"2014-02-24 00:00:00",,-999,-999,-999,-999,-999
"2014-02-26 04:26:20.376",353768053679317,"2014-02-26 04:29:20.05","2014-02-26 00:00:00","Moses   kadenge",4333,1,LGR,Kulumbeni,,Sitabita_A,,"Murule protected  spring",10260072,,1010657,-999,"2014-02-24 00:00:00",,-999,-999,-999,-999,-999
"2014-02-26 04:29:38.908",353768053679317,"2014-02-26 04:31:11.961","2014-02-26 00:00:00","Moses  kadenge",4333,1,LGR,Kulumbeni,,Mtonyi,,"Caleb Daraha well",10260098,,1011050,-999,"2014-02-24 00:00:00",,-999,-999,-999,-999,-999
"2014-02-26 04:31:21.385",353768053679317,"2014-02-26 04:32:29.562","2014-02-26 00:00:00","Moses  kadenge",4333,1,LGR,Kulumbeni,,Sitabita_A,,"Lumbasi well",10260069,,1009270,-999,"2014-02-24 00:00:00",,-999,-999,-999,-999,-999
"2014-02-25 12:43:50.71",355545051758162,"2014-02-25 22:06:39.253","2014-02-25 00:00:00",Onyimbo,2358,1,LGR,Kulumbeni,,Sango_Kulumbeni,,"Mukhonje spring",10260078,,1010688,1010688,"2014-02-25 00:00:00",,-999,6.0000000000,1463.0000000000,0.4797383252,34.7420369660
"2014-02-25 13:14:54.814",355545051758162,"2014-02-25 22:11:16.064","2014-02-25 00:00:00",Onyimbo,2358,1,LGR,Kulumbeni,,Sango_Kulumbeni,,"Sango water pump",10260076,,1010797,1010797,"2014-02-25 00:00:00",,-999,6.0000000000,1473.0000000000,0.4842773773,34.7488382505
"2014-02-25 13:54:03.168",355545051758162,"2014-02-25 22:13:47.371","2014-02-25 00:00:00",Onyimbo,2358,1,LGR,Kulumbeni,,Sango_Kulumbeni,,"Wangatia spring",10260077,,1010684,1010684,"2014-02-25 00:00:00",,-999,6.0000000000,1461.0000000000,0.4816716742,34.7483493425
"2014-02-25 14:44:27.856",355545051758162,"2014-02-25 22:15:10.625","2014-02-25 00:00:00",Onyimbo,2358,1,LGR,Kulumbeni,,Sango_Kulumbeni,,"Luka walubengo",10260323,,1010310,1010310,"2014-02-25 00:00:00",,-999,6.0000000000,1460.0000000000,0.4870398423,34.7409699080
"2014-02-25 14:57:16.856",355545051758162,"2014-02-25 22:16:26.955","2014-02-25 00:00:00",Onyimbo,2358,1,LGR,Kulumbeni,,Sango_Kulumbeni,,"kasembali shallow well",10260079,,1010782,1010782,"2014-02-25 00:00:00",,-999,6.0000000000,1457.0000000000,0.4864642536,34.7442195654
"2014-02-25 16:07:33.75",355545051758162,"2014-02-25 22:44:19.393","2014-02-25 00:00:00",Onyimbo,2358,1,LGR,Kulumbeni,,Saha,,"Khaemba shallow well",10260083,,1010346,1010346,"2014-02-25 00:00:00",,-999,4.0000000000,1458.0000000000,0.4951783132,34.7380947347
"2014-02-25 17:02:22.64",355545051758162,"2014-02-25 22:45:45.368","2014-02-25 00:00:00",Onyimbo,2358,1,LGR,Kulumbeni,,Saha,,"Namaswa boreholl",10260080,,1011073,1011073,"2014-02-25 00:00:00",,-999,2.0000000000,1449.0000000000,0.4910101352,34.7357392381
"2014-02-25 17:22:41.5",355545051758162,"2014-02-25 22:39:14.484","2014-02-25 00:00:00",Onyimbo,2358,1,LGR,Kulumbeni,,Saha,,"Muriola spring",10260080,,1010331,1010331,"2014-02-25 00:00:00",,-999,6.0000000000,1446.0000000000,0.4904347425,34.7386507501
"2014-02-25 11:45:10.332",355545053525080,"2014-02-25 20:52:13.301","2014-02-25 00:00:00","Sakina Everlyne",5838,1,LGR,Lwandeti,,Masasuli,,"Musa spring",10260138,,1010723,-999,"2014-02-25 00:00:00",,-999,5.0000000000,109.0000000000,0.5931915240,34.8099382420
"2014-02-25 12:02:06.684",355545053525114,"2014-02-25 12:23:02.092","2014-02-25 00:00:00","Irene musavi",5835,1,LGR,Mabuye,,Mutua_A,,"Romans protected spring",10260021,,1010706,1010706,"2014-02-25 00:00:00",,-999,4.0000000000,1549.0000000000,0.5823058068,34.8459569428
"2014-02-25 12:31:20.891",355545053525114,"2014-02-25 12:36:09.539","2014-02-25 00:00:00","Irene musavi",5835,1,LGR,Mabuye,,Mutua_A,,"John situma well",10260016,,1010769,1010769,"2014-02-25 00:00:00",,-999,4.0000000000,1562.0000000000,0.5808071360,34.8482750814
"2014-02-25 13:44:21.701",355545053525114,"2014-02-25 13:51:25.157","2014-02-25 00:00:00","Irene musavi",5835,1,LGR,Mabuye,,Mutua_A,,"Paul wanjala well",10260022,,1010767,1010767,"2014-02-25 00:00:00",,-999,4.0000000000,1579.0000000000,0.5806255601,34.8516334228
"2014-02-25 15:00:23.667",355545053525114,"2014-02-25 15:42:06.974","2014-02-25 00:00:00","Irene musavi",5835,1,LGR,Mabuye,,Mutua_A,,"Juma fedha well",10260017,,1010349,1010349,"2014-02-25 00:00:00",,-999,4.0000000000,1570.0000000000,0.5790882122,34.8533113996
"2014-02-25 15:47:28.312",355545053525114,"2014-02-25 16:14:09.023","2014-02-25 00:00:00","Irene musavi",5835,1,LGR,Mabuye,,Mutua_B,,"Stephen sinai unprotected spring",10260013,,1010332,1010332,"2014-02-25 00:00:00",,-999,4.0000000000,1539.0000000000,0.5881511088,34.8527109245
"2014-02-25 16:41:08.339",355545053525114,"2014-02-26 08:44:06.976","2014-02-25 00:00:00","Irene musavi",5835,1,LGR,Mabuye,,Mutua_B,,"Maseka unprotected spring",10260010,,1010672,1010672,"2014-02-25 00:00:00",,-999,4.0000000000,1567.0000000000,0.5839388210,34.8530116443
"2014-02-25 16:57:10.663",355545053525114,"2014-02-25 18:39:34.926","2014-02-25 00:00:00","Irene musavi",5835,1,LGR,Mabuye,,Mutua_B,,"Mwaka spring",10260008,,1009247,1009247,"2014-02-25 00:00:00",,-999,4.0000000000,1538.0000000000,0.5912124655,34.8471055719
"2014-02-25 12:07:47.682",355545053525080,"2014-02-25 20:56:23.271","2014-02-25 00:00:00","Sakina Evelyne",5838,1,LGR,Lwandeti,,Masasuli,,"Eunice borehole",10260139,,1010633,-999,"2014-02-25 00:00:00",,-999,4.0000000000,1520.0000000000,0.5967769752,34.8080012269
"2014-02-25 13:13:12.098",355545053525080,"2014-02-25 20:56:49.067","2014-02-25 00:00:00","Sakina Evelyne",5838,1,LGR,Lwandeti,,Tulwa_Lwandeti,,"Zebedayo protected",10260133,,1010768,1010768,"2014-02-25 00:00:00",,-999,4.0000000000,1532.0000000000,0.6036231296,34.8114987385
"2014-02-25 15:00:43.78",355545053525080,"2014-02-25 20:57:22.839","2014-02-25 00:00:00","Sakina  Everlyne",5838,1,LGR,Lwandeti,,Masasuli,,"Kisaka spring",10260140,,1010734,1010734,"2014-02-25 00:00:00",,-999,4.0000000000,1520.0000000000,0.5973889005,34.8134235932
"2014-02-25 15:06:38.206",355545053525080,"2014-02-25 20:54:42.485","2014-02-25 00:00:00","Sakina  Everlyne",5838,1,LGR,Lwandeti,,Tulwa_Lwandeti,,"Mulati shallow well",10260131,,1010644,1010644,"2014-02-25 00:00:00",,-999,4.0000000000,1532.0000000000,0.5995727258,34.8137314345
"2014-02-25 15:40:33.499",355545053525080,"2014-02-25 20:51:10.263","2014-02-25 00:00:00","Sakina Everlyne",5838,1,LGR,Lwandeti,,Tulwa_Lwandeti,,"Eluid wafula shallow well",10260130,,1010701,1010701,"2014-02-25 00:00:00",,-999,4.0000000000,1555.0000000000,0.6015835021,34.8195143596
"2014-02-25 15:25:50.725",355545053525080,"2014-02-26 08:55:43.926","2014-02-25 00:00:00","Sakina Everlyne",5838,1,LGR,Lwandeti,,Tulwa_Lwandeti,,"Rose khemba shallow well",10260129,,1010305,1010305,"2014-02-25 00:00:00",,-999,4.0000000000,1529.0000000000,0.6010597351,34.8178214550
"2014-02-25 16:24:34.487",355545053525080,"2014-02-25 20:58:02.811","2014-02-25 00:00:00","Sakina Everlyne",5838,1,LGR,Lwandeti,,Navava,,"Khaluhile spring",10260396,,1010607,1010607,"2014-02-25 00:00:00",,-999,4.0000000000,1552.0000000000,0.6072024886,34.8289443697
"2014-02-25 12:28:40.64",355545053525080,"2014-02-26 08:54:51.799","2014-02-25 00:00:00","Sakina Everlyne",5838,1,LGR,Lwandeti,,Masasuli,,"Ngome protected spring",10260137,,1010729,1010729,"2014-02-25 00:00:00",,-999,4.0000000000,1514.0000000000,0.6016621642,34.8043475136
"2014-02-25 13:25:16.76",355545053525080,"2014-02-26 08:59:23.818","2014-02-25 00:00:00","Sakina Everlyne",5838,1,LGR,Lwandeti,,Tulwa_Lwandeti,,"Jamine wamoche borehole",10260132,,1009273,1009273,"2014-02-25 00:00:00",,-999,4.0000000000,1534.0000000000,0.6005474492,34.8152132921
"2014-02-26 20:43:06.769",353768053679317,"2014-02-26 20:44:25.457","2014-02-26 00:00:00","Moses kadenge",4333,1,LGR,Kulumbeni,,Sitabita_A,,"Agnes boaz",10260070,,1010664,-999,"2014-02-24 00:00:00",,-999,-999,-999,-999,-999
"2014-02-26 20:44:35.28",353768053679317,"2014-02-26 20:46:21.204","2014-02-26 00:00:00","Moses  kadenge",4333,1,LGR,Kulumbeni,,Sitabita_B,,"Chimatuni  protected  well",-999,,1010871,-999,"2014-02-24 00:00:00",,-999,-999,-999,-999,-999
"2014-02-26 20:46:34.31",353768053679317,"2014-02-26 20:48:05.503","2014-02-26 00:00:00","Moses  kadenge",4333,1,LGR,Kulumbeni,,Sitabita_B,,"Wamondo protected   spring",-999,,1011049,-999,"2014-02-24 00:00:00",,-999,-999,-999,-999,-999
"2014-02-26 20:48:21.602",353768053679317,"2014-02-26 20:49:57.283","2014-02-26 00:00:00","Moses  kadenge",4333,1,LGR,Kulumbeni,,Sitabita_B,,"Wekesa  protected  spring",-999,,1010343,-999,"2014-02-24 00:00:00",,-999,-999,-999,-999,-999
"2014-02-26 20:50:10.813",353768053679317,"2014-02-26 20:51:28.362","2014-02-26 00:00:00","Moses  kadenge",4333,1,LGR,Kulumbeni,,Sitabita_B,,"Namasake well",-999,,1010318,-999,"2014-02-24 00:00:00",,-999,-999,-999,-999,-999
"2014-02-26 20:52:47.606",353768053679317,"2014-02-26 20:55:10.167","2014-02-26 00:00:00","Moses  kadenge",4333,1,LGR,Kulumbeni,,Sitabita_B,,"Wamakove well",-999,,-999,-999,-999,,-999,-999,-999,-999,-999
"2014-02-26 14:13:31.437",355545052414450,"2014-02-26 14:16:41.036","2014-02-26 00:00:00","Fabian Oggema",2325,1,LGR,Maturu,,Lukhokho,,Munyekho,10260359,,1010879,-999,"2014-02-26 00:00:00",,-999,-999,-999,-999,-999
"2014-02-26 16:45:33.475",355545052414450,"2014-02-26 16:47:30.457","2014-02-26 00:00:00","Fabian Oggema",2325,1,LGR,Maturu,,Maturu_Maturu,,"Buchunju wafula",10260062,,1010775,-999,"2014-02-26 00:00:00",,-999,-999,-999,-999,-999
"2014-02-26 17:27:10.875",355545052414450,"2014-02-26 17:58:04.094","2014-02-26 00:00:00","Fabian oggema",2325,1,LGR,Maturu,,Maturu_Maturu,,"Shivina spring",10260061,,1010602,-999,"2014-02-26 00:00:00",,-999,-999,-999,-999,-999
"2014-02-26 12:09:31.725",355545052414450,"2014-02-26 12:14:24.199","2014-02-26 00:00:00","Fabian oggema",2325,1,LGR,Lwandeti,,Navava,,"Nyongesa  spring",10260397,,1011093,-999,"2014-02-26 00:00:00",,-999,-999,-999,-999,-999
"2014-02-26 13:17:58.664",355545052414450,"2014-02-26 13:19:58.587","2014-02-26 00:00:00","Fabian Oggema",2325,1,LGR,Maturu,,Lukhokho,,"Kome well",10260358,,1010654,-999,"2014-02-26 00:00:00",,-999,-999,-999,-999,-999
"2014-02-26 17:58:17.733",355545052414450,"2014-02-26 18:02:34.871","2014-02-26 00:00:00","Fabian Oggema",2325,1,LGR,Maturu,,Lukhokho,,"Lukhokho spring",10260357,,1010879,-999,"2014-02-26 00:00:00",,-999,-999,-999,-999,-999
"2014-02-26 11:11:00.478",355545052414450,"2014-02-26 11:17:41.915","2014-02-26 00:00:00","Fabian Oggema",2325,1,LGR,Lwandeti,,Navava,,"Kalabai spring",10260399,,1010847,-999,"2014-02-26 00:00:00",,-999,-999,-999,-999,-999
"2014-02-26 15:00:46.652",355545052414450,"2014-02-26 15:06:15.333","2014-02-26 00:00:00","Fabian Oggema",2325,1,LGR,Maturu,,Mawa,,"Juma Samson",10260426,,1010622,-999,"2014-02-26 00:00:00",,-999,-999,-999,-999,-999
"2014-02-26 11:20:39.066",355545052414450,"2014-02-26 11:30:44.573","2014-02-26 00:00:00","Fabian Oggema",2325,1,LGR,Lwandeti,,Navava,,Musemwa,10260398,,1010647,-999,"2014-02-26 00:00:00",,-999,-999,-999,-999,-999
"2014-02-26 13:40:06.692",355545052414450,"2014-02-26 13:43:00.972","2014-02-26 00:00:00","Fabian Oggema",2325,1,LGR,Maturu,,Lukhokho,,"Makokha well",10260360,,1011092,-999,"2014-02-26 00:00:00",,-999,-999,-999,-999,-999
"2014-02-26 11:20:03.262",355545053525114,"2014-02-26 11:54:14.881","2014-02-26 00:00:00","Irene musavi",5835,1,LGR,Mabuye,,Kafusi,,"Wamocha protected spring",10260029,,1009208,1009208,"2014-02-26 00:00:00",,-999,4.0000000000,1560.0000000000,0.5886639463,34.8773998719
"2014-02-26 12:57:45.859",355545053525114,"2014-02-26 13:46:45.1","2014-02-26 00:00:00","Irene musavi",5835,1,LGR,Mabuye,,Lwandeti_A,,"David amakalo well",10260054,,1009225,1009225,"2014-02-26 00:00:00",,-999,4.0000000000,1596.0000000000,0.6057430816,34.8502146629
"2014-02-26 13:19:43.75",355545053525114,"2014-02-26 15:43:23.189","2014-02-26 00:00:00","Irene musavi",5835,1,LGR,Mabuye,,Lwandeti_A,,"Navuimba spring",10260050,,1011079,1011079,"2014-02-26 00:00:00",,-999,1.0000000000,1592.0000000000,0.6060092709,34.8622906454
"2014-02-26 14:11:27.818",355545053525114,"2014-02-26 15:33:08.648","2014-02-26 00:00:00","Irene musavi",5835,1,LGR,Mabuye,,Lwandeti_A,,"Resa well",10260051,,1011014,1011014,"2014-02-26 00:00:00",,-999,4.0000000000,1547.0000000000,0.5992031882,34.8528215324
"2014-02-26 14:37:26.134",355545053525114,"2014-02-26 14:51:18.047","2014-02-26 00:00:00","Irene musavi",5835,1,LGR,Mabuye,,Lwandeti_A,,"Masika well",10260053,,1010703,1010703,"2014-02-26 00:00:00",,-999,4.0000000000,1600.0000000000,0.6051254867,34.8492047165
"2014-02-26 16:16:32.646",355545053525114,"2014-02-26 16:53:24.65","2014-02-26 00:00:00","Irene musavi",5835,1,LGR,Mabuye,,Kewa,,"Charles murunga spring",10260023,,1010638,1010638,"2014-02-26 00:00:00",,-999,4.0000000000,1512.0000000000,0.5879161741,34.8603547621
"2014-02-26 17:13:20.234",355545053525114,"2014-02-26 17:41:21.071","2014-02-26 00:00:00","Irene musavi",5835,1,LGR,Mabuye,,Lwanda,,"Mary mwaka well",10260025,,1010375,1010375,"2014-02-26 00:00:00",,-999,4.0000000000,1583.0000000000,0.5797942206,34.8572212309
"2014-02-26 18:16:24.527",355545053525114,"2014-02-26 18:33:31.643","2014-02-26 00:00:00","Irene musavi",5835,1,LGR,Mabuye,,Lwandeti_A,,"Peter muhindi spring",10260049,,1010673,1010673,"2014-02-26 00:00:00",,-999,4.0000000000,1550.0000000000,0.5979869873,34.8557523668
"2014-02-26 18:25:53.289",355545053525114,"2014-02-26 21:10:56.344","2014-02-26 00:00:00","Irene musavi",5835,1,LGR,Mabuye,,Lwandeti_A,,"Zebedayo well",10260052,,1010678,1010678,"2014-02-26 00:00:00",,-999,4.0000000000,1580.0000000000,0.6009885190,34.8536946555
"2014-02-26 11:26:07.801",355545053525049,"2014-02-26 20:20:53.896","2014-02-26 00:00:00","Ongaya Barbier Joel",5734,1,LGR,Kulumbeni,,Saha,,"Namacheke spring",10260082,,1009260,1009260,"2014-02-26 00:00:00",,-999,0.0000000000,40.0000000000,0.4935703877,34.7446726554
"2014-02-26 11:57:01.355",355545053525049,"2014-02-26 20:25:24.948","2014-02-26 00:00:00","Ongaya Barbier Joel",5734,1,LGR,Kulumbeni,,Saha,,"Enock Bukokhe well",10260085,,1010814,1010814,"2014-02-26 00:00:00",,-999,0.0000000000,4.0000000000,0.4917931174,34.7450154529
"2014-02-26 12:36:29.138",355545053525049,"2014-02-26 20:29:29.224","2014-02-26 00:00:00","Ongaya Barbier Joel",5734,1,LGR,Kulumbeni,,Saha,,"Mawangi spring",10260081,,1010334,1010334,"2014-02-26 00:00:00",,-999,0.0000000000,2.0000000000,0.4917562497,34.7450332168
"2014-02-26 13:37:06.413",355545053525049,"2014-02-26 20:34:53.25","2014-02-26 00:00:00","Ongaya Barbier Joel",5734,1,LGR,Kulumbeni,,Saha,,"Malule Spring",10260084,,1009292,1009292,"2014-02-26 00:00:00",,-999,4.0000000000,1458.0000000000,0.4914106086,34.7328731271
"2014-02-26 14:44:40.411",355545053525049,"2014-02-26 20:47:20.675","2014-02-26 00:00:00","Ongaya Barbier Joel",5734,1,LGR,Kulumbeni,,Chenjeni,,"Rombosia/ongaya protected spring",10260119,,1010777,1010777,"2014-02-26 00:00:00",,-999,4.0000000000,1449.0000000000,0.4981757772,34.7318649817
"2014-02-27 11:33:53.448",355545052414450,"2014-02-27 11:43:49.411","2014-02-27 00:00:00","Fabian Oggema",2325,1,LGR,Maturu,,Mayoyo_A,,"David wasilwa well",10260353,,1011062,-999,"2014-02-27 00:00:00",,-999,-999,-999,-999,-999
"2014-02-27 12:53:52.253",355545052414450,"2014-02-27 12:57:43.253","2014-02-27 00:00:00","Fabian Oggema",2325,1,LGR,Maturu,,Mayoyo_A,,"Sindani Butiya",10260349,,1010510,-999,"2014-02-27 00:00:00",,-999,-999,-999,-999,-999
"2014-02-27 13:19:57.843",355545052414450,"2014-02-27 13:22:19.213","2014-02-27 00:00:00","Fabian Oggema",2325,1,LGR,Maturu,,Mayoyo_A,,"Miti Butiya",10260350,,1009253,-999,"2014-02-27 00:00:00",,-999,-999,-999,-999,-999
"2014-02-26 15:48:31.518",355545053525049,"2014-02-26 20:50:54.573","2014-02-26 00:00:00","Ongaya Barbier Joel",5734,1,LGR,Kulumbeni,,Chenjeni,,"John Otala protected spring",10260116,,1009233,1009233,"2014-02-26 00:00:00",,-999,4.0000000000,1428.0000000000,0.5059800690,34.7302678711
"2014-02-26 16:25:55.429",355545053525049,"2014-02-26 20:53:40.67","2014-02-26 00:00:00","Ongaya Barbier Joel",5734,1,LGR,Kulumbeni,,Chenjeni,,"Luka Wetisya",10260333,,1010380,1010380,"2014-02-26 00:00:00",,-999,4.0000000000,1449.0000000000,0.5071674205,34.7367646754
"2014-02-26 17:22:46.155",355545053525049,"2014-02-26 20:59:12.256","2014-02-26 00:00:00","Ongaya Barbier Joel",5734,1,LGR,Kulumbeni,,Chenjeni,,"Ibrahim Wanjala well",10260334,,1009221,1009221,"2014-02-26 00:00:00",,-999,1.0000000000,12.0000000000,0.5073685440,34.7363100973
"2014-02-26 17:46:03.035",355545053525049,"2014-02-26 21:01:42.508","2014-02-26 00:00:00","Ongaya Barbier Joel",5734,1,LGR,Kulumbeni,,Chenjeni,,"Murawa/mukangu pri",10260118,,1009224,1009224,"2014-02-26 00:00:00",,-999,4.0000000000,1432.0000000000,0.5135072512,34.7367017589
"2014-02-26 14:10:03.552",355545053525049,"2014-02-26 20:40:52.067","2014-02-26 00:00:00","Ongaya Barbier Joel",5734,1,LGR,Kulumbeni,,Chenjeni,,"Chenjeni primary school borehole",10260117,,1010653,1010653,"2014-02-26 00:00:00",,-999,4.0000000000,1464.0000000000,0.4968271532,34.7359877742
"2014-02-27 11:24:39.707",355545052414450,"2014-02-27 11:28:12.933","2014-02-27 00:00:00","Fabian Oggema",2325,1,LGR,Maturu,,Mayoyo_A,,"Slyvester chesoli well",10260354,,1010548,-999,"2014-02-27 00:00:00",,-999,-999,-999,-999,-999
"2014-02-27 14:03:26.782",355545052414450,"2014-02-27 14:05:15.365","2014-02-27 00:00:00","Fabian Oggema",2325,1,LGR,Maturu,,Mayoyo_A,,"Jaramogi juma",10260351,,1010508,-999,"2014-02-27 00:00:00",,-999,-999,-999,-999,-999
"2014-02-27 14:51:43.539",355545052414450,"2014-02-27 14:54:18.228","2014-02-27 00:00:00","Fabian Oggema",2325,1,LGR,Maturu,,Mayoyo_B,,"Wakona kulalu",10260345,,1010571,-999,"2014-02-27 00:00:00",,-999,-999,-999,-999,-999
"2014-02-27 15:52:57.161",355545052414450,"2014-02-27 16:00:03.036","2014-02-27 00:00:00","Fabian Oggema",2325,1,LGR,Maturu,,Mayoyo_B,,"Mulongo spring",10260346,,1010589,-999,"2014-02-27 00:00:00",,-999,-999,-999,-999,-999
"2014-02-27 16:14:58.273",355545052414450,"2014-02-27 16:17:42.506","2014-02-27 00:00:00","Fabian Oggema",2325,1,LGR,Maturu,,Mayoyo_B,,"Njete spring",10260347,,1010529,-999,"2014-02-27 00:00:00",,-999,-999,-999,-999,-999
"2014-02-27 10:53:30.635",355545053525114,"2014-02-27 11:33:31.649","2014-02-27 00:00:00","Irene musavi",5835,1,LGR,Mabuye,,Lwanda,,"Fridah khisa well",10260027,,1010533,1010533,"2014-02-27 00:00:00",,-999,4.0000000000,1576.0000000000,0.5812350777,34.8573074029
"2014-02-27 11:41:57.143",355545053525114,"2014-02-27 12:18:02.101","2014-02-27 00:00:00","Irene musavi",5835,1,LGR,Mabuye,,Lwanda,,"Charls burudi",10260028,,1010563,1010563,"2014-02-27 00:00:00",,-999,4.0000000000,1588.0000000000,0.5815681239,34.8591428616
"2014-02-27 12:34:15.628",355545053525114,"2014-02-27 13:02:34.207","2014-02-27 00:00:00","Irene musavi",5835,1,LGR,Mabuye,,Lwanda,,"Shikhuma spring",10260024,,1010542,1010542,"2014-02-27 00:00:00",,-999,4.0000000000,1536.0000000000,0.5862211366,34.8614828538
"2014-02-27 15:34:20.175",355545053525114,"2014-02-27 16:19:32.54","2014-02-27 00:00:00","Irene musavi",5835,1,LGR,Mabuye,,Lwandeti_B,,"Peter kisiangani",10260046,,1010515,1010515,"2014-02-27 00:00:00",,-999,4.0000000000,1528.0000000000,0.5927973783,34.8413706933
"2014-02-27 13:03:30.17",355545053524901,"2014-02-28 08:23:47.457","2014-02-27 00:00:00","Miriam Baridi",5837,1,LGR,Kulumbeni,,Chenjeni,,"zakayo protected",10260335,,1010587,1010587,"2014-02-27 00:00:00",,-999,4.0000000000,1431.0000000000,0.5088737651,34.7289852085
"2014-02-27 14:42:08.835",355545053524901,"2014-02-28 08:25:05.849","2014-02-27 00:00:00","Miriam Amaswache",5837,1,LGR,Kulumbeni,,Nambalayi,,"Tindi spring",10260087,,1010541,1010541,"2014-02-27 00:00:00",,-999,4.0000000000,1445.0000000000,0.5012013439,34.7305488753
"2014-03-01 10:13:51.905",353768053613399,"2014-03-01 11:04:57.009","2014-03-01 00:00:00",Haggai,1337,1,LGR,Mahanga,,Lunywenywe_A,,"Kisindayi spring",10260127,,1007691,1007691,"2014-03-01 00:00:00",,-999,-999,-999,-999,-999
"2014-02-27 13:46:16.419",355545053525114,"2014-02-27 15:08:51.03","2014-02-27 00:00:00","Irene musavi",5835,1,LGR,Mabuye,,Lwandeti_B,,"Kasisi spring",10260041,,1010666,1010666,"2014-02-27 00:00:00",,-999,4.0000000000,1523.0000000000,0.5958770813,34.8390657955
"2014-02-27 14:07:57.75",355545053525114,"2014-02-27 14:59:37.573","2014-02-27 00:00:00","Irene musavi",5835,1,LGR,Mabuye,,Lwandeti_B,,"Simiyu kisiangani well",10260047,,1010577,1010577,"2014-02-27 00:00:00",,-999,4.0000000000,1521.0000000000,0.5930503783,34.8385095661
"2014-02-27 16:41:59.555",355545053525114,"2014-02-27 17:10:23.385","2014-02-27 00:00:00","Irene musavi",5835,1,LGR,Mabuye,,Lwandeti_B,,"Alfayo marabwa",10260043,,1010525,1010525,"2014-02-27 00:00:00",,-999,4.0000000000,1570.0000000000,0.5994600322,34.8454112903
"2014-02-27 13:34:54.313",355545053524901,"2014-02-28 08:28:20.468","2014-02-27 00:00:00","Miriam amaswache",5837,1,LGR,Kulumbeni,,Saha,,Wetambamala,-999,,1010565,1010565,"2014-02-27 00:00:00",,-999,4.0000000000,1477.0000000000,0.4920400267,34.7427435945
"2014-02-28 11:34:30.888",355545053525049,"2014-02-28 20:31:25.371","2014-02-28 00:00:00","Ongaya Barbier Joel",5734,1,LGR,Kulumbeni,,Mtonyi,,"Kilongosi unprotected spring",10260097,,-999,-999,-999,,-999,-999,-999,-999,-999
"2014-02-28 11:39:39.692",355545053525049,"2014-02-28 20:32:41.161","2014-02-28 00:00:00","Ongaya Barbier Joel",5734,1,LGR,Kulumbeni,,Mtonyi,,"Vikokwa protected well",10260095,,1010715,1010715,"2014-02-28 00:00:00",,-999,3.0000000000,20.0000000000,0.5042472838,34.7458416535
"2014-02-28 12:23:10.551",355545053525049,"2014-02-28 20:33:53.679","2014-02-28 00:00:00","Ongaya Barbier Joel",5734,1,LGR,Kulumbeni,,Mtonyi,,"Mutuka well",10260094,,1010512,1010512,"2014-02-28 00:00:00",,-999,0.0000000000,96.0000000000,0.5056076940,34.7462069789
"2014-02-28 13:05:27.85",355545053525049,"2014-02-28 20:35:06.408","2014-02-28 00:00:00","Ongaya Barbier Joel",5734,1,LGR,Kulumbeni,,Mtonyi,,"Kisaka protected well",10260096,,1006224,1006224,"2014-02-28 00:00:00",,-999,4.0000000000,1449.0000000000,0.5039080419,34.7448568435
"2014-02-28 13:25:31.42",355545053525049,"2014-02-28 20:36:38.435","2014-02-28 00:00:00","Ongaya Barbier Joel",5734,1,LGR,Kulumbeni,,Mago,,"Nasong'o Andanje spring",10260109,,1010798,1010798,"2014-02-28 00:00:00",,-999,4.0000000000,1434.0000000000,0.5095091585,34.7417710832
"2014-02-28 14:38:49.762",355545053525049,"2014-02-28 20:39:35.756","2014-02-28 00:00:00","Ongaya Barbier Joel",5734,1,LGR,Kulumbeni,,Sipapakila,,"Muyaka protected spring",10260073,,1010728,1010728,"2014-02-28 00:00:00",,-999,0.0000000000,22.0000000000,0.5107699903,34.7471209136
"2014-02-28 15:08:03.936",355545053525049,"2014-02-28 20:41:08.755","2014-02-28 00:00:00","Ongaya Barbier Joel",5734,1,LGR,Kulumbeni,,Sipapakila,,"Sipapakila spring",10260074,,1010585,1010585,"2014-02-28 00:00:00",,-999,5.0000000000,1445.0000000000,0.5091531230,34.7493229700
"2014-02-28 16:09:35.575",355545053525049,"2014-02-28 20:42:53.381","2014-02-28 00:00:00","Ongaya Barbier Joel",5734,1,LGR,Kulumbeni,,Mtonyi,,"Joseph Taraja unprotected well",10260098,,1010549,1010549,"2014-02-28 00:00:00",,-999,4.0000000000,1471.0000000000,0.5034736343,34.7484405636
"2014-02-28 16:46:22.792",355545053525049,"2014-02-28 20:44:38.993","2014-02-28 00:00:00","Ongaya Barbier Joel",5734,1,LGR,Kulumbeni,,Sipapakila,,"Maina Sivitari well",10260075,,1010751,1010751,"2014-02-28 00:00:00",,-999,4.0000000000,1470.0000000000,0.5040124540,34.7508071941
"2014-02-27 15:18:10.333",355545053524901,"2014-02-28 08:27:06.907","2014-02-27 00:00:00","Miriam amaswache",5837,1,LGR,Kulumbeni,,Nambalayi,,"Nambalayi  mukholi spring",10260088,,1010527,1010527,"2014-02-27 00:00:00",,-999,4.0000000000,1406.0000000000,0.5050784980,34.7143684153
"2014-02-27 16:36:19.079",355545053524901,"2014-02-28 08:26:10.051","2014-02-27 00:00:00","Miriam Amaswache",5837,1,LGR,Kulumbeni,,Nambalayi,,"Masinde wekulo",10260089,,1010578,1010578,"2014-02-27 00:00:00",,-999,4.0000000000,1415.0000000000,0.5007852683,34.7163648540
"2014-02-28 10:44:00.362",355545053525080,"2014-03-01 09:01:39.344","2014-02-28 00:00:00","Irene musavi",5835,1,LGR,Lwandeti,,Kwambu_A,,"Unya makosa well",10260423,,1010625,1010625,"2014-02-22 00:00:00",,-999,0.0000000000,22.0000000000,0.5838370509,34.8376763198
"2014-03-01 11:05:10.416",353768053613399,"2014-03-01 11:36:53.725","2014-03-01 00:00:00",Haggai,1337,1,LGR,Mahanga,,Lunywenywe_A,,"Kwekweti spring",10260377,,1011044,1011044,"2014-03-01 00:00:00",,-999,4.0000000000,1497.0000000000,0.6213630946,34.8307359619
"2014-03-01 12:44:38.575",353768053613399,"2014-03-01 13:10:22.882","2014-03-01 00:00:00",Haggai,1337,1,LGR,Mahanga,,Lunywenywe_B,,"Wabuke Spring",10260375,,1010575,1010575,"2014-03-01 00:00:00",,-999,4.0000000000,1553.0000000000,0.6104259808,34.8379793148
"2014-03-01 13:20:21.169",353768053613399,"2014-03-01 14:08:36.051","2014-03-01 00:00:00",Haggai,1337,1,LGR,Mahanga,,Lunywenywe_B,,"Lunywenywe spring",10260376,,1010817,1010817,"2014-03-01 00:00:00",,-999,4.0000000000,1556.0000000000,0.6099874501,34.8393873879
"2014-03-01 14:08:48.088",353768053613399,"2014-03-01 14:17:27.722","2014-03-01 00:00:00",Haggai,1337,1,LGR,Mahanga,,Lunywenywe_B,,"Samuel spring",10260374,,1010322,1010322,"2014-03-01 00:00:00",,-999,4.0000000000,1541.0000000000,0.6117258398,34.8360695599
"2014-02-28 11:47:04.865",355545051758212,"2014-02-28 12:25:44.584","2014-02-28 00:00:00","Naomi Okato",3242,1,LGR,Maturu,,Mungakha_B,,"Machusi unprotected spring",10260059,,1010580,1010580,"2014-02-28 00:00:00",,-999,-999,-999,-999,-999
"2014-02-28 12:28:54.381",355545051758212,"2014-02-28 12:42:44.68","2014-02-28 00:00:00","Naomi Okato",3242,1,LGR,Maturu,,Mungakha_A,,"Julius Makokha well",10260060,,1010584,1010584,"2014-02-28 00:00:00",,-999,-999,-999,-999,-999
"2014-02-28 13:35:52.654",355545051758212,"2014-02-28 14:02:25.518","2014-02-28 00:00:00","Naomi Okato",3242,1,LGR,Maturu,,Shiandiche_B,,"Liambila Natili spring",10260336,,1010705,-999,"2014-02-28 00:00:00",,-999,4.0000000000,1656.0000000000,0.6025164322,34.8851437585
"2014-02-28 14:21:59.222",355545051758212,"2014-02-28 14:33:21.9","2014-02-28 00:00:00","Naomi Okato",3242,1,LGR,Maturu,,Shiandiche_B,,"Stephen Murunga spring",10260338,,1010581,1010581,"2014-02-28 00:00:00",,-999,-999,-999,-999,-999
"2014-02-28 15:02:21.701",355545051758212,"2014-02-28 15:39:39.674","2014-02-28 00:00:00","Naomi Okato",3242,1,LGR,Maturu,,Shiandiche_B,,"Shiandiche spring",10260056,,1011097,1011097,"2014-02-28 00:00:00",,-999,-999,-999,-999,-999
"2014-02-28 15:06:48.786",355545051758212,"2014-02-28 16:05:54.725","2014-02-28 00:00:00","Naomi Okato",3242,1,LGR,Maturu,,Shiandiche_B,,"Zakayo Simon dug well",10260337,,1010744,1010744,"2014-02-28 00:00:00",,-999,-999,-999,-999,-999
"2014-02-28 16:10:15.477",355545051758212,"2014-02-28 16:59:50.052","2014-02-28 00:00:00","Naomi Okato",3242,1,LGR,Maturu,,Shiandiche_A,,"Shadrack Mumasi",10260272,,10110344,1010344,"2014-02-28 00:00:00",,-999,4.0000000000,1664.0000000000,0.6110594644,34.8774000785
"2014-03-03 15:26:31.899",355545052415374,"2014-03-03 16:16:51.886","2014-03-03 00:00:00","Alex Mukhwana",3780,1,LGR,Mahanga,,Lukhokho_Mahanga,,"Sango protected spring",10260367,,1010306,1010306,"2014-03-03 00:00:00",,-999,8.0000000000,1539.0000000000,0.6280837341,34.8410769334
"2014-03-03 15:31:40.469",355545052415374,"2014-03-03 16:31:18.181","2014-03-03 00:00:00","Alex Mukhwana",3780,1,LGR,Mahanga,,Maramu_A,,"George protected spring",10260366,,1010329,1010329,"2014-03-03 00:00:00",,-999,6.0000000000,1535.0000000000,0.6288382228,34.8458077033
"2014-03-01 11:06:49.892",355545053525114,"2014-03-01 11:56:52.933","2014-03-01 00:00:00","Irene musavi",5835,1,LGR,Kulumbeni,,Makhukhuni,,"Nyaranga spring",10260105,,1011021,1011021,"2014-03-01 00:00:00",,-999,4.0000000000,1420.0000000000,0.5003688679,34.7054588449
"2014-03-01 11:16:40.195",355545053525114,"2014-03-01 19:07:00.213","2014-03-01 00:00:00","Irene musavi",5835,1,LGR,Kulumbeni,,Makhukhuni,,"Myanda spring",10260104,,1011033,1011033,"2014-03-01 00:00:00",,-999,4.0000000000,1404.0000000000,0.4998032231,34.7052427755
"2014-03-01 12:50:19.161",355545053525114,"2014-03-01 13:09:58.932","2014-03-01 00:00:00","Irene musavi",5835,1,LGR,Kulumbeni,,Makhukhuni,,Maindi,10260108,,1010592,1010592,"2014-03-01 00:00:00",,-999,4.0000000000,1396.0000000000,0.5026953240,34.7138172504
"2014-03-01 14:12:44.201",355545053525114,"2014-03-01 15:04:48.262","2014-03-01 00:00:00","Irene musavi",5835,1,LGR,Kulumbeni,,Kulumbeni_Kulumbeni,,"Kweyu well",10260330,,1010501,1010501,"2014-03-01 00:00:00",,-999,4.0000000000,1438.0000000000,0.4793584362,34.7287075428
"2014-03-01 14:16:56.67",355545053525114,"2014-03-01 15:27:37.27","2014-03-01 00:00:00","Irene musavi",5835,1,LGR,Kulumbeni,,Kulumbeni_Kulumbeni,,"Joash makuto spring",10260326,,1010514,-999,"2014-03-01 00:00:00",,-999,6.0000000000,1445.0000000000,0.4820403884,34.7350171756
"2014-03-01 10:37:54.515",355545053525080,"2014-03-02 15:07:56.026","2014-03-01 00:00:00","Sakina Evelyne",5838,1,LGR,Maturu,,Shiandiche_A,,"Watako protected spring",10260339,,1010593,1010593,"2014-03-01 00:00:00",,-999,4.0000000000,1615.0000000000,0.6153480513,34.8753530618
"2014-03-01 11:01:44.926",355545053525080,"2014-03-02 15:09:52.42","2014-03-01 00:00:00","Sakina Everlyne",5838,1,LGR,Maturu,,Matumbwani,,"Toili ishikuri protected spring",10260356,,1010853,1010853,"2014-03-01 00:00:00",,-999,4.0000000000,1621.0000000000,0.6185012407,34.8733846250
"2014-03-01 11:50:14.349",355545053525080,"2014-03-02 15:08:26.452","2014-03-01 00:00:00","Sakina Evelyne",5838,1,LGR,Maturu,,Matumbwani,,"Mukweyi protected spring",10260355,,1010391,1010391,"2014-03-01 00:00:00",,-999,1.0000000000,9.0000000000,0.6149215267,34.8676299824
"2014-03-01 13:40:18.431",355545053525080,"2014-03-02 15:10:13.772","2014-03-01 00:00:00","Sakina  Evelyne",5838,1,LGR,Maturu,,Shiandiche_A,,"Sabuni spring",10260055,,1010552,1010552,"2014-03-01 00:00:00",,-999,0.0000000000,24.0000000000,0.6076942214,34.8856746071
"2014-03-01 14:26:42.59",355545053525080,"2014-03-02 15:08:56.569","2014-03-01 00:00:00","Sakina Evelyne",5838,1,LGR,Maturu,,Shiandiche_A,,"Lukongo protected spring",10260340,,1009232,-999,"2014-03-01 00:00:00",,-999,4.0000000000,1670.0000000000,0.6119936607,34.8824929860
"2014-03-01 16:30:45.506",355545053525080,"2014-03-02 15:10:37.561","2014-03-01 00:00:00","Sakina  Everlyne",5838,1,LGR,Maturu,,Mayoyo_B,,"Inungiro spring",10260424,,1010532,1010532,"2014-03-01 00:00:00",,-999,4.0000000000,1563.0000000000,0.6244576952,34.8582440031
"2014-02-28 10:44:19.064",355545053524984,"2014-02-28 10:48:55.972","2014-02-28 00:00:00","Lutomiah peter",5741,1,LGR,Mabuye,,Sango_B,,"Alice Benard",10260002,,1010560,1010560,"2014-02-28 00:00:00",,-999,8.0000000000,1561.0000000000,0.5784543311,34.8392493142
"2014-02-28 10:51:04.205",355545053524984,"2014-02-28 10:55:27.559","2014-02-28 00:00:00","Lutomiah Peter",5741,1,LGR,Mabuye,,Sango_B,,"Beatrice wanjala well",10260007,,1010546,1010546,"2014-02-28 00:00:00",,-999,4.0000000000,1552.0000000000,0.5785709492,34.8396284727
"2014-02-28 12:21:46.411",355545053524984,"2014-02-28 12:25:50.276","2014-02-28 00:00:00","Lutomiah Peter",5741,1,LGR,Mabuye,,Lwandeti_BB,,"Jane wasike borehole",10260040,,1010328,1010328,"2014-02-28 00:00:00",,-999,6.0000000000,1548.0000000000,0.5951380111,34.8453535954
"2014-02-28 13:30:43.909",355545053524984,"2014-02-28 13:33:39.89","2014-02-28 00:00:00","Lutomiah peter",5741,1,LGR,Mabuye,,Lwandeti_B,,"Racheal nafula",10260044,,1011080,1011080,"2014-02-28 00:00:00",,-999,8.0000000000,1563.0000000000,0.5980243520,34.8448476891
"2014-02-28 14:18:04.453",355545053524984,"2014-02-28 14:28:43.051","2014-02-28 00:00:00","Lutomiah Peter",5741,1,LGR,Mabuye,,Lwandeti_B,,"Mary waluse",10260048,,1010540,1010540,"2014-02-28 00:00:00",,-999,6.0000000000,1544.0000000000,0.6003039583,34.8425619976
"2014-02-28 14:46:49.795",355545053524984,"2014-02-28 14:49:55.896","2014-02-28 00:00:00","Lutomiah Peter",5741,1,LGR,Mabuye,,Lwandeti_BB,,"David murunga",10260039,,1009223,1009223,"2014-02-28 00:00:00",,-999,16.0000000000,1561.0000000000,0.5968614471,34.8491640857
"2014-02-28 11:31:10.025",355545051758212,"2014-03-05 08:13:54.554","2014-02-28 00:00:00","Naomi Okato",3242,1,LGR,Maturu,,Mukhonje,,"Standa Nyango",10260342,,1010590,1010590,"2014-02-28 00:00:00",,-999,-999,-999,-999,-999
"2014-02-28 15:50:34.04",355545053524984,"2014-02-28 15:58:06.197","2014-02-28 00:00:00","Lutomiah Peter",5741,1,LGR,Mabuye,,Sango_A,,"James Sikuku",10260001,,1010697,1010697,"2014-02-28 00:00:00",,-999,4.0000000000,1528.0000000000,0.5904898066,34.8416437854
"2014-03-03 12:16:03.406",355545051758162,"2014-03-03 12:37:51.06","2014-03-03 00:00:00",Onyimbo,2358,1,LGR,Maturu,,Mukhonje,,"Muchemo well",10260343,,1010822,1010822,"2014-03-03 00:00:00",,-999,1.0000000000,15.0000000000,0.6012627150,34.8690354877
"2014-03-03 17:37:49.258",355545051758162,"2014-03-04 07:17:46.14","2014-03-03 00:00:00",Onyimbo,2358,1,LGR,Lwandeti,,Lwandeti_Lwandeti,,"Panya spring",10260142,,1009452,1009452,"2014-03-03 00:00:00",,-999,4.0000000000,1547.0000000000,0.6034424942,34.8427969460
"2014-03-03 17:52:29.28",355545051758162,"2014-03-03 18:15:44.008","2014-03-03 00:00:00",Onyimbo,2358,1,LGR,Lwandeti,,Lwandeti_Lwandeti,,"Wang'aile well",10260145,,1010595,1010595,"2014-03-03 00:00:00",,-999,-999,-999,-999,-999
